"Ontology","annotation_id","annotator","caption","created_at","id","image","knowyourmeme_link","lead_time","other_link","permalink","updated_at"
"Emotional Reaction",244,"1","A short story","2024-10-21T03:54:51.727662Z",693,"https://i.redd.it/70zdjiilli351.jpg","https://knowyourmeme.com/memes/putting-on-clown-makeup",217.30599999999998,"","/r/memes/comments/gyfedz/a_short_story/","2024-10-21T03:54:51.727662Z"
"Emotional Reaction",245,"1","She did her best ok?","2024-10-21T04:16:14.215521Z",694,"https://i.redd.it/g4vm7de3q4j51.jpg","https://knowyourmeme.com/memes/thumbs-up-crying-cat",31.309,"","/r/memes/comments/ig9u4z/she_did_her_best_ok/","2024-10-21T04:16:14.215521Z"
"Media",246,"1","This house ain‚Äôt big enough for the six of us","2024-10-21T04:20:22.045792Z",695,"https://i.redd.it/x4s2e60m7vm41.jpg","",171.89600000000002,"https://imgflip.com/memegenerator/173140634/The-Office-Mexican-Standoff","/r/memes/comments/fj45ih/this_house_aint_big_enough_for_the_six_of_us/","2024-10-21T04:41:08.056764Z"
"Emotional Reaction",247,"1","They what???","2024-10-21T04:26:09.876848Z",696,"https://i.imgur.com/KpwIuSO.png","https://knowyourmeme.com/memes/the-rock-driving",260.485,"","/r/memes/comments/gi8l07/they_what/","2024-10-21T04:26:09.876848Z"
"People",248,"1","I feel privileged","2024-10-21T04:28:53.549568Z",697,"https://i.redd.it/ttfhavjmd1x51.png","https://knowyourmeme.com/memes/elon-musk-laughing-at-dead-deer",162.076,"","/r/memes/comments/jnbc9d/i_feel_privileged/","2024-10-21T04:28:53.549568Z"
"Emotional Reaction",249,"1","This is my jam","2024-10-21T04:31:00.840617Z",698,"https://i.redd.it/ycrjw204b9e61.gif","",101.686,"https://www.youtube.com/watch?v=ICDGkVbSWUo","/r/memes/comments/l7qap4/this_is_my_jam/","2024-10-21T04:31:00.840617Z"
"Emotional Reaction",250,"1","uncanny resemblance","2024-10-21T04:33:05.488990Z",699,"https://i.redd.it/cul580390k661.jpg","",27.749,"","/r/memes/comments/khiyao/uncanny_resemblance/","2024-10-21T04:33:05.488990Z"
"Emotional Reaction",251,"1","Hmmmmmmmmmm","2024-10-21T04:36:15.819235Z",700,"https://i.redd.it/c06hvlfni9651.jpg","https://knowyourmeme.com/memes/panik-kalm",188.459,"","/r/memes/comments/hd6nhx/hmmmmmmmmmm/","2024-10-21T04:36:15.819235Z"
"Media",252,"1","We are doomed","2024-10-21T04:44:20.575689Z",701,"https://i.redd.it/vmadxu8d51o41.jpg","",14.59,"","/r/memes/comments/fmf637/we_are_doomed/","2024-10-21T04:44:20.575689Z"
"People",253,"1","Finland op","2024-10-21T04:46:12.084909Z",702,"https://i.redd.it/ncrm4syv08r41.jpg","https://knowyourmeme.com/memes/undertaker-entering-arena",92.122,"","/r/memes/comments/fw1ch6/finland_op/","2024-10-21T04:46:12.084909Z"
"Media",254,"1","Wait I didn't mean it like that","2024-10-21T04:46:41.510812Z",703,"https://i.redd.it/n4ildkpurph61.png","",27.58,"https://imgflip.com/memegenerator/267521271/You-will-Leonardo-django","/r/memes/comments/lkodmq/wait_i_didnt_mean_it_like_that/","2024-10-21T04:46:41.510812Z"
"Events",255,"1","Who's Donald Biden?","2024-10-21T04:48:01.945527Z",704,"https://i.redd.it/63l9c85hmex51.jpg","",8.441,"","/r/memes/comments/jogzsr/whos_donald_biden/","2024-10-21T04:48:01.945527Z"
"People",270,"1","thank god","2024-10-22T04:07:18.219370Z",705,"https://i.redd.it/djw0xedkm8z81.gif","https://knowyourmeme.com/memes/jerry-lawler-laugh",91.721,"","/r/memes/comments/uoqq32/thank_god/","2024-10-22T04:07:18.219370Z"
"Emotional Reaction",256,"1","Team monke","2024-10-21T04:52:54.615887Z",706,"https://i.redd.it/y5q2ylf36gm61.jpg","https://knowyourmeme.com/memes/ted-talk-gorilla",155.879,"","/r/memes/comments/m2y08v/team_monke/","2024-10-21T04:52:54.615887Z"
"Media",257,"1","What a shame","2024-10-21T04:55:40.789230Z",707,"https://i.redd.it/hnwx02w0t6e61.jpg","https://knowyourmeme.com/memes/mac-and-charlie-crying",5.005,"","/r/memes/comments/l7hah3/what_a_shame/","2024-10-21T04:55:40.789230Z"
"People",258,"1","Confusing","2024-10-21T05:02:28.860355Z",708,"https://i.redd.it/2v3ucovw2dk51.jpg","https://knowyourmeme.com/memes/confused-reporter-jonathan-swan",5.239,"","/r/memes/comments/ik0qu9/confusing/","2024-10-21T05:02:28.860355Z"
"People",259,"1","Ukraine got CHAD Volodymyr Zelensky.üá∫üá¶üá∫üá¶üá∫üá¶","2024-10-21T05:03:07.732422Z",709,"https://i.redd.it/p6hpt00hl0k81.jpg","",37.424,"","/r/memes/comments/t19inj/ukraine_got_chad_volodymyr_zelensky/","2024-10-21T05:03:07.732422Z"
"Media",260,"1","It took so many hours","2024-10-21T05:17:08.082628Z",710,"https://i.redd.it/hujzswawcsf51.jpg","https://knowyourmeme.com/memes/leonardo-dicaprio-laughing",102.684,"","/r/memes/comments/i5zoq5/it_took_so_many_hours/","2024-10-21T05:17:08.082628Z"
"Emotional Reaction",261,"1","Of course I know him. He is me","2024-10-21T05:22:02.377040Z",712,"https://i.redd.it/kwcqipuz5il51.jpg","",16.794,"","/r/memes/comments/injobz/of_course_i_know_him_he_is_me/","2024-10-21T05:22:02.377040Z"
"Media",262,"1","Simpsons predicted it yet again","2024-10-21T05:29:52.831148Z",713,"https://i.redd.it/mt1p2undiwo31.jpg","https://knowyourmeme.com/memes/simpsons-predicts-the-future",54.307,"","/r/memes/comments/d9gvok/simpsons_predicted_it_yet_again/","2024-10-21T05:29:52.831148Z"
"Media",263,"1","Placebo in a nutshell","2024-10-21T05:35:24.313098Z",714,"https://i.redd.it/cjtg6wdt99951.jpg","https://knowyourmeme.com/memes/you-son-of-a-bitch-im-in",230.056,"","/r/memes/comments/hm9r3l/placebo_in_a_nutshell/","2024-10-21T05:35:24.313098Z"
"Emotional Reaction",264,"1","It was fun doe","2024-10-21T05:37:22.910922Z",715,"https://i.redd.it/b11mbpxapxg51.jpg","",62.19,"https://imgflip.com/memetemplate/332423356/Depressed-Tom--Jerry","/r/memes/comments/i9inie/it_was_fun_doe/","2024-10-21T05:37:22.910922Z"
"Emotional Reaction",265,"1","Don't be mad","2024-10-21T05:37:48.277380Z",716,"https://i.redd.it/gsqgq6uwuau51.jpg","https://knowyourmeme.com/memes/laughing-wolves",23.941,"","/r/memes/comments/jewhxz/dont_be_mad/","2024-10-21T05:37:48.277380Z"
"Media",266,"1","15 years from now","2024-10-21T05:38:53.973716Z",717,"https://i.redd.it/kvb5q07e27x41.jpg","https://knowyourmeme.com/memes/subcultures/key-and-peele",63.49,"","/r/memes/comments/geqgdh/15_years_from_now/","2024-10-21T05:38:53.973716Z"
"Media",267,"1","Captain Holt is best boi","2024-10-21T05:40:51.515794Z",718,"https://i.redd.it/nzkdkyfr2hz41.jpg","https://knowyourmeme.com/memes/why-is-no-one-having-a-good-time-i-specifically-requested-it",41.639,"","/r/memes/comments/glwkpy/captain_holt_is_best_boi/","2024-10-21T05:40:51.515794Z"
"People",268,"1","You think you are sad","2024-10-21T05:44:15.671580Z",719,"https://i.redd.it/rohlh1e8k0n41.jpg","https://knowyourmeme.com/memes/hide-the-pain-harold",57.217,"","/r/memes/comments/fjiz2r/you_think_you_are_sad/","2024-10-21T05:44:15.671580Z"
"Emotional Reaction",269,"1","These are confusing times","2024-10-21T05:53:51.461555Z",720,"https://i.redd.it/4gju47kt3hb61.jpg","https://knowyourmeme.com/memes/loading-cat",6.699,"","/r/memes/comments/kxrxuv/these_are_confusing_times/","2024-10-21T05:53:51.461555Z"
"Emotional Reaction",271,"1","Reddit might be shit but it's our shit.","2024-10-22T04:11:58.025624Z",721,"https://i.redd.it/l8yz2fyk3hr71.jpg","",5.463,"https://imgflip.com/memegenerator/166152526/Dont-touch-my-garbage","/r/memes/comments/q1b13o/reddit_might_be_shit_but_its_our_shit/","2024-10-22T04:11:58.025624Z"
"Emotional Reaction",272,"1","Well its pretty similar...","2024-10-22T04:13:46.715501Z",722,"https://i.redd.it/8ze5zhn5m1g61.gif","https://knowyourmeme.com/memes/can-i-copy-your-homework",107.13,"","/r/memes/comments/lekzwj/well_its_pretty_similar/","2024-10-22T04:13:46.715501Z"
"Emotional Reaction",273,"1","My life was a lie.","2024-10-22T04:21:49.907705Z",723,"https://i.redd.it/spe7qpjedcv61.gif","https://knowyourmeme.com/memes/left-exit-12-off-ramp",241.374,"","/r/memes/comments/myb3vc/my_life_was_a_lie/","2024-10-22T04:21:49.907705Z"
"Emotional Reaction",274,"1","Always has been","2024-10-22T04:29:11.865801Z",725,"https://i.redd.it/29h8ntdldma51.jpg","https://knowyourmeme.com/memes/wait-its-all-ohio-always-has-been",90.151,"","/r/memes/comments/hqeip1/always_has_been/","2024-10-22T04:29:11.865801Z"
"Media",275,"1","Oh god no","2024-10-22T04:37:55.850327Z",726,"https://i.redd.it/w98k1i6ce4761.gif","https://knowyourmeme.com/memes/worried-hiroshi-uchiyamada-gto-gif",492.75399999999996,"","/r/memes/comments/kjdwn1/oh_god_no/","2024-10-22T04:37:55.850327Z"
"Events",276,"1","That's the reason behind all these","2024-10-22T04:43:02.265680Z",727,"https://i.redd.it/72ofect87t751.jpg","",3.893,"","/r/memes/comments/hhw2e0/thats_the_reason_behind_all_these/","2024-10-22T04:43:02.265680Z"
"Emotional Reaction",277,"1","That's a 5 stars from me","2024-10-22T04:45:05.955602Z",728,"https://i.redd.it/omyyroc83w551.jpg","https://knowyourmeme.com/memes/business-handshake",122.205,"","/r/memes/comments/hc387h/thats_a_5_stars_from_me/","2024-10-22T04:45:05.955602Z"
"Media",278,"1","Wow, someone knows we exist","2024-10-22T04:47:57.616610Z",729,"https://i.redd.it/dyecygddx4i51.jpg","https://knowyourmeme.com/memes/pointing-rick-dalton",169.458,"","/r/memes/comments/id7tva/wow_someone_knows_we_exist/","2024-10-22T04:47:57.616610Z"
"People",279,"1","Everytime","2024-10-22T04:49:03.065369Z",730,"https://i.redd.it/emn90d5nbqn51.jpg","https://knowyourmeme.com/memes/people/ricardo-milos",54.072,"","/r/memes/comments/ium3nm/everytime/","2024-10-22T04:49:03.065369Z"
"Media",280,"1","Wish her luck boys","2024-10-22T04:50:24.145378Z",731,"https://i.redd.it/fnbkdh8fwza91.gif","https://knowyourmeme.com/memes/patrick-bateman-walking",25.624,"","/r/memes/comments/vwkj6c/wish_her_luck_boys/","2024-10-22T04:50:24.145378Z"
"Media",281,"1","Hey Blizzard, I heard you like China's money ?","2024-10-22T04:51:26.425368Z",732,"https://i.redd.it/uonxofnh1gr31.jpg","https://knowyourmeme.com/memes/modern-problems-require-modern-solutions",43.559,"","/r/memes/comments/dfc00m/hey_blizzard_i_heard_you_like_chinas_money/","2024-10-22T04:51:26.425368Z"
"Emotional Reaction",282,"1","Brain.exe has commit DIE","2024-10-22T04:53:31.894670Z",733,"https://i.redd.it/ojd7xhofyz951.png","https://knowyourmeme.com/memes/subcultures/penguins-of-madagascar",124.134,"","/r/memes/comments/holruc/brainexe_has_commit_die/","2024-10-22T04:53:31.894670Z"
"Emotional Reaction",283,"1","chadflix","2024-10-22T04:54:22.740354Z",734,"https://i.redd.it/te95nxfwxl471.png","https://knowyourmeme.com/memes/soyjaks-vs-chads",49.287,"","/r/memes/comments/nxc266/chadflix/","2024-10-22T04:54:22.740354Z"
"Media",284,"1","Look who's laughing now","2024-10-22T04:58:02.225389Z",735,"https://i.redd.it/qtmo4imk5ry41.jpg","",8.615,"","/r/memes/comments/gjozlm/look_whos_laughing_now/","2024-10-22T04:58:02.225389Z"
"Media",285,"1","I mean I basically made him rich","2024-10-22T04:59:05.455425Z",736,"https://i.redd.it/yne085xajui41.jpg","https://knowyourmeme.com/memes/subcultures/breaking-bad",49.911,"","/r/memes/comments/f8p6lf/i_mean_i_basically_made_him_rich/","2024-10-22T04:59:05.455425Z"
"Media",286,"1","please enjoy","2024-10-22T04:59:54.707461Z",737,"https://i.redd.it/rgce12mplle51.jpg","https://knowyourmeme.com/memes/great-gatsby-reaction-leonardo-dicaprio-toast",40.938,"","/r/memes/comments/i2ctmr/please_enjoy/","2024-10-22T04:59:54.707461Z"
"People",287,"1","Real SOMA ULTE ‚ù§Ô∏è","2024-10-22T05:02:08.715460Z",738,"https://i.redd.it/y4ubkjfo6nq51.jpg","https://knowyourmeme.com/memes/drakeposting",132.693,"","/r/memes/comments/j3qvhf/real_soma_ulte/","2024-10-22T05:02:08.715460Z"
"Emotional Reaction",288,"1","*bumps head* maybe I‚Äôm Godzilla?","2024-10-22T05:04:10.756811Z",739,"https://i.redd.it/ger0ho5tg9w51.jpg","",67.889,"","/r/memes/comments/jl0bjq/bumps_head_maybe_im_godzilla/","2024-10-22T05:04:10.756811Z"
"People",289,"1","Phew. That was a close one.","2024-10-22T05:05:14.905548Z",740,"https://i.redd.it/2b6zkpyh98x51.png","",58.723,"","/r/memes/comments/jnwxws/phew_that_was_a_close_one/","2024-10-22T05:05:14.905548Z"
"Media",290,"1","Modern day pirate","2024-10-22T05:06:21.225190Z",741,"https://i.redd.it/vdfvhoq1lge61.jpg","",65.057,"https://imgflip.com/memegenerator/14199573/Jack-Sparrow-you-have-heard-of-me","/r/memes/comments/l8k6ha/modern_day_pirate/","2024-10-22T05:06:21.225190Z"
"Events",291,"1","Bro got both eyes open üò≠ ","2024-10-22T05:06:37.995443Z",742,"https://i.redd.it/josb2tipdxfd1.jpeg","",15.246,"","/r/memes/comments/1egzi81/bro_got_both_eyes_open/","2024-10-22T05:06:37.995443Z"
"Emotional Reaction",292,"1","Chrome lite for pc","2024-10-22T05:07:52.216275Z",743,"https://i.imgur.com/9JW6gmL.jpg","",34.948,"","/r/memes/comments/rb32mg/chrome_lite_for_pc/","2024-10-22T05:07:52.216275Z"
"Media",293,"1","can someone explain it","2024-10-22T05:08:19.611795Z",744,"https://i.redd.it/2my2zdc4pa251.jpg","https://knowyourmeme.com/memes/unsettled-tom",20.22,"","/r/memes/comments/guk1zo/can_someone_explain_it/","2024-10-22T05:08:19.611795Z"
"Media",294,"1","It really do be like that","2024-10-22T05:08:41.499573Z",745,"https://i.redd.it/hu25l44ii6o41.jpg","https://knowyourmeme.com/memes/phoebe-teaching-joey",20.497,"","/r/memes/comments/fmw8jw/it_really_do_be_like_that/","2024-10-22T05:08:41.499573Z"
"Media",295,"1","Oh look, Reddit","2024-10-22T05:10:26.653321Z",746,"https://i.redd.it/reux0cdxhan51.jpg","",73.177,"","/r/memes/comments/it6820/oh_look_reddit/","2024-10-22T05:10:26.653321Z"
"Emotional Reaction",296,"1","He is the chosen one. He will bring the change","2024-10-22T05:11:27.520913Z",747,"https://i.redd.it/isw5svf6zbw61.jpg","https://knowyourmeme.com/memes/train-hitting-school-bus",47.876000000000005,"","/r/memes/comments/n1wilj/he_is_the_chosen_one_he_will_bring_the_change/","2024-10-22T05:11:40.447481Z"
"Media",297,"1","It‚Äôs been real fam.","2024-10-23T02:00:12.030682Z",748,"https://i.redd.it/evqhhdqqbt961.jpg","",8.626,"","/r/memes/comments/ks2asd/its_been_real_fam/","2024-10-23T02:00:12.030682Z"
"Media",298,"1","Wanna hear another joke","2024-10-24T04:09:43.598856Z",749,"https://i.redd.it/00zo3ians0e61.jpg","https://knowyourmeme.com/memes/im-tired-of-pretending-its-not",28.373,"","/r/memes/comments/l6qbnp/wanna_hear_another_joke/","2024-10-24T04:09:43.598856Z"
"Emotional Reaction",299,"1","Right as rain after that","2024-10-24T04:10:36.848696Z",750,"https://i.redd.it/1wniz8ionv351.jpg","https://knowyourmeme.com/memes/lego-doctor",51.631,"","/r/memes/comments/gzm2u0/right_as_rain_after_that/","2024-10-24T04:10:36.848696Z"
"Emotional Reaction",300,"1","Licensed Dad Joke","2024-10-24T04:11:12.260128Z",751,"https://i.redd.it/nrj9smsfek951.jpg","https://knowyourmeme.com/memes/laughing-wolves",17.114,"","/r/memes/comments/hnavd5/licensed_dad_joke/","2024-10-24T04:11:12.260128Z"
"Media",301,"1","Following your passion is hard in Asia","2024-10-24T04:11:44.034698Z",752,"https://i.redd.it/7ux0uk3llrc51.jpg","https://knowyourmeme.com/memes/polish-jerry-khe-berga",30.581,"","/r/memes/comments/hwy1o1/following_your_passion_is_hard_in_asia/","2024-10-24T04:11:44.034698Z"
"Media",302,"1","Do dee do dee doo. Whoops!","2024-10-24T04:15:54.591915Z",753,"https://i.redd.it/mogqphv12mi61.gif","https://knowyourmeme.com/memes/grandpa-simpson-walking-in-and-out",146.941,"","/r/memes/comments/lo4jc2/do_dee_do_dee_doo_whoops/","2024-10-24T04:15:54.592027Z"
"People",303,"1","They are some greedy ones","2024-10-24T04:16:29.207388Z",754,"https://i.redd.it/44g9h668t3y51.jpg","https://knowyourmeme.com/memes/disappointed-muhammad-sarim-akhtar",29.543,"","/r/memes/comments/jqmj19/they_are_some_greedy_ones/","2024-10-24T04:16:29.207388Z"
"Media",304,"1","Oh yes, I can finally play some gta v","2024-10-24T04:17:00.582597Z",755,"https://i.redd.it/7zhbpr5f0vy41.jpg","https://knowyourmeme.com/memes/tuxedo-winnie-the-pooh",29.873,"","/r/memes/comments/gk2pog/oh_yes_i_can_finally_play_some_gta_v/","2024-10-24T04:17:00.582597Z"
"Emotional Reaction",305,"1","Every time","2024-10-24T04:19:53.590526Z",756,"https://i.redd.it/42vflyu4ykz51.jpg","",170.916,"https://imgflip.com/memegenerator/173690647/Metronome","/r/memes/comments/jv4nra/every_time/","2024-10-24T04:19:53.590526Z"
"Media",306,"1","Turns out nobody ever answered him","2024-10-24T04:26:13.989537Z",757,"https://i.redd.it/d06yv5u08c761.jpg","",3.367,"","/r/memes/comments/kjz8z1/turns_out_nobody_ever_answered_him/","2024-10-24T04:26:13.989537Z"
"Media",307,"1","All the help we can give","2024-10-24T04:26:37.554090Z",758,"https://i.redd.it/qeqvx12x94e61.jpg","https://knowyourmeme.com/memes/teenage-mutant-ninja-turtles-and-splinter",22.126,"","/r/memes/comments/l74knv/all_the_help_we_can_give/","2024-10-24T04:26:37.554090Z"
"Media",308,"1","Its all coming together","2024-10-24T04:29:02.716009Z",759,"https://i.redd.it/0wbivqv9nvr31.jpg","https://knowyourmeme.com/memes/oh-yeah-its-all-coming-together",143.652,"","/r/memes/comments/dgcej8/its_all_coming_together/","2024-10-24T04:29:02.716009Z"
"Media",309,"1","I have no idea whatsoever","2024-10-24T04:33:13.087367Z",760,"https://i.redd.it/xz83gt7jlxu61.gif","",31.644,"","/r/memes/comments/mww7f4/i_have_no_idea_whatsoever/","2024-10-24T04:33:13.087367Z"
"Media",310,"1","Shut it off","2024-10-24T04:41:23.031662Z",761,"https://i.redd.it/2aq8edkojow31.jpg","https://knowyourmeme.com/memes/were-all-gonna-die",483.832,"","/r/memes/comments/dricue/shut_it_off/","2024-10-24T04:41:23.031662Z"
"Emotional Reaction",311,"1","did it happen to all of us?","2024-10-24T04:50:45.807353Z",762,"https://i.redd.it/9kvm8knv5v961.jpg","",71.227,"","/r/memes/comments/ks8ctf/did_it_happen_to_all_of_us/","2024-10-24T04:50:45.807353Z"
"Emotional Reaction",312,"1","Quick, while the British are sleeping.","2024-10-24T04:51:01.702173Z",763,"https://i.redd.it/e3zwkg6zfma61.jpg","",14.502,"","/r/memes/comments/kuu1np/quick_while_the_british_are_sleeping/","2024-10-24T04:51:01.703167Z"
"Media",313,"1","*happy bubonic noises*","2024-10-24T04:51:59.901643Z",764,"https://i.redd.it/n7lh6x2wz7841.jpg","https://knowyourmeme.com/memes/geralts-hmm",56.42,"","/r/memes/comments/eimmhx/happy_bubonic_noises/","2024-10-24T04:51:59.901643Z"
"Emotional Reaction",314,"1","Hot climate","2024-10-24T04:52:28.672175Z",765,"https://i.redd.it/uqh27jjj8bu61.jpg","https://knowyourmeme.com/memes/mexican-filter",20.067999999999998,"","/r/memes/comments/munuxm/hot_climate/","2024-10-24T04:54:48.427433Z"
"Media",315,"1","Seriously","2024-10-24T04:56:37.136855Z",766,"https://i.redd.it/k47mb3l46c451.jpg","https://knowyourmeme.com/memes/come-closer-i-need",21.261,"","/r/memes/comments/h16nue/seriously/","2024-10-24T04:56:37.136855Z"
"People",316,"1","Harold should be meme of the decade","2024-10-24T04:57:23.443042Z",767,"https://i.redd.it/uip0indm0m741.jpg","https://knowyourmeme.com/memes/hide-the-pain-harold",44.509,"","/r/memes/comments/eh8txp/harold_should_be_meme_of_the_decade/","2024-10-24T04:57:23.443042Z"
"Emotional Reaction",317,"1","Makes the calculations simpler","2024-10-24T04:59:10.931259Z",768,"https://i.redd.it/v7opjah2ck461.gif","",103.511,"","/r/memes/comments/kb357l/makes_the_calculations_simpler/","2024-10-24T04:59:10.931259Z"
"Emotional Reaction",318,"1","She has probably made 60k in the amount of time it took me to make this meme","2024-10-24T05:00:05.045618Z",770,"https://i.redd.it/7d9x3zq7dlo61.jpg","https://knowyourmeme.com/memes/boardroom-suggestion",28.984,"","/r/memes/comments/map6ds/she_has_probably_made_60k_in_the_amount_of_time/","2024-10-24T05:00:05.045618Z"
"Emotional Reaction",319,"1","Thanks a lot brain","2024-10-24T05:01:29.526512Z",771,"https://i.redd.it/69g5axregoz61.jpg","",57.571000000000005,"","/r/memes/comments/neffg5/thanks_a_lot_brain/","2024-10-24T05:01:29.526512Z"
"Emotional Reaction",320,"1","I love Amusement Parks","2024-10-24T05:08:46.670235Z",772,"https://i.redd.it/hl71dyelq4a51.png","https://knowyourmeme.com/memes/monkey-puppet",407.733,"","/r/memes/comments/hp1b07/i_love_amusement_parks/","2024-10-24T05:08:46.670235Z"
"Emotional Reaction",321,"1","Your silly warning cannot stop me","2024-10-24T05:11:10.372473Z",773,"https://i.redd.it/wdgjpcm6v5t61.jpg","",12.197,"","/r/memes/comments/mqthyg/your_silly_warning_cannot_stop_me/","2024-10-24T05:11:10.372473Z"
"Media",322,"1","Excuse me.. Wtf?","2024-10-24T05:19:26.902955Z",774,"https://i.redd.it/1owkm5r3wi561.gif","https://knowyourmeme.com/memes/subcultures/zootopia",487.058,"","/r/memes/comments/ke6j9j/excuse_me_wtf/","2024-10-24T05:19:26.903955Z"
"Emotional Reaction",323,"1","not this shit again","2024-10-24T05:21:20.926549Z",775,"https://i.redd.it/6e6z2me93zp61.png","https://knowyourmeme.com/memes/subcultures/zootopia",112.71,"","/r/memes/comments/mfq2pz/not_this_shit_again/","2024-10-24T05:21:20.926549Z"
"Emotional Reaction",324,"1","Last online *October*","2024-10-24T05:24:37.421654Z",777,"https://i.redd.it/1lprd5j4c4a61.jpg","https://knowyourmeme.com/memes/mother-ignoring-kid-drowning-in-a-pool",24.154,"","/r/memes/comments/kt3guk/last_online_october/","2024-10-24T05:24:37.421654Z"
"Emotional Reaction",325,"1","One of the happiest moments in life","2024-10-24T05:29:42.024026Z",778,"https://i.redd.it/rnn14f29gf551.jpg","https://knowyourmeme.com/memes/government-agent-watching-me",42.549,"","/r/memes/comments/hamwzf/one_of_the_happiest_moments_in_life/","2024-10-24T05:29:42.024026Z"
"Emotional Reaction",326,"1","Universal guide to men's nodding. Made in Paint.","2024-10-24T05:33:40.811260Z",779,"https://i.redd.it/qldrdzcjj7n61.png","",9.74,"","/r/memes/comments/m5mrth/universal_guide_to_mens_nodding_made_in_paint/","2024-10-24T05:33:40.811260Z"
"Media",327,"1","Didn‚Äôt think about that","2024-10-24T05:35:45.025139Z",780,"https://i.redd.it/yw52evjtlw061.jpg","",8.747,"","/r/memes/comments/jz9cf6/didnt_think_about_that/","2024-10-24T05:35:45.025139Z"
"Emotional Reaction",328,"1","Maybe she's hard to forget","2024-10-24T05:36:37.487149Z",781,"https://i.redd.it/1cznolix8ik51.jpg","https://knowyourmeme.com/memes/oof-stones",51.131,"","/r/memes/comments/ikh5g5/maybe_shes_hard_to_forget/","2024-10-24T05:36:37.487149Z"
"Emotional Reaction",329,"1","they belong in arkham","2024-10-24T05:39:31.609594Z",782,"https://i.redd.it/v0eic0ly0rj51.jpg","https://knowyourmeme.com/memes/kids-scared-of-rabbit",89.001,"","/r/memes/comments/ii7f91/they_belong_in_arkham/","2024-10-24T05:39:31.609594Z"
"Media",330,"1","Man got scared asf","2024-10-24T05:40:58.920656Z",783,"https://i.redd.it/l2ldkoiuirt61.gif","",30.796,"","/r/memes/comments/msu71y/man_got_scared_asf/","2024-10-24T05:40:58.920656Z"
"Media",331,"1","I'm the captain now","2024-10-24T05:42:10.007162Z",784,"https://i.redd.it/ejfv5dfq52e61.gif","",35.176,"","/r/memes/comments/l6uedb/im_the_captain_now/","2024-10-24T05:42:10.007162Z"
"Emotional Reaction",332,"1","Helicopter goes brrrr","2024-10-24T05:44:11.587942Z",785,"https://i.redd.it/j0u8g9pxa4n51.png","",5.351,"","/r/memes/comments/isl4xs/helicopter_goes_brrrr/","2024-10-24T05:44:11.587942Z"
"Media",333,"1","iOS 14 bout to expose some people","2024-10-24T05:46:41.617228Z",787,"https://i.redd.it/eb6pssvrhu751.jpg","https://knowyourmeme.com/memes/im-about-to-end-this-mans-whole-career",147.619,"","/r/memes/comments/hhz6dx/ios_14_bout_to_expose_some_people/","2024-10-24T05:46:41.617228Z"
"Emotional Reaction",338,"1","The Darwin Incident","2024-10-24T06:00:28.002557Z",788,"https://i.redd.it/otvjol1ea9y81.gif","",19.433,"","/r/memes/comments/ul20xa/the_darwin_incident/","2024-10-24T06:00:28.002557Z"
"Emotional Reaction",334,"1","I don't own any...","2024-10-24T05:48:47.056005Z",789,"https://i.redd.it/uir5hhd0f0361.jpg","https://knowyourmeme.com/memes/soyjaks-vs-chads",42.363,"","/r/memes/comments/k62439/i_dont_own_any/","2024-10-24T05:48:47.056005Z"
"Emotional Reaction",335,"1","nro that feeling","2024-10-24T05:52:24.574982Z",790,"https://i.redd.it/vp4wdmsoz4c51.jpg","",3.75,"","/r/memes/comments/hv0qbj/nro_that_feeling/","2024-10-24T05:52:24.574982Z"
"Emotional Reaction",336,"1","That was a close one","2024-10-24T05:55:04.045257Z",791,"https://i.redd.it/da8h2xbjepu51.jpg","",36.752,"","/r/memes/comments/jg7j2u/that_was_a_close_one/","2024-10-24T05:55:04.045257Z"
"Media",337,"1","languages in a nutshell","2024-10-24T05:58:51.215216Z",792,"https://i.redd.it/j9u89ekcbbe41.png","",45.976,"","/r/memes/comments/ex5yzk/languages_in_a_nutshell/","2024-10-24T05:58:51.215216Z"
